{
  "experiment": "SAM refinement ablation",
  "yolo_weights": "runs/detect/runs/detect/defectguard_v2_ultra/weights/best.pt",
  "sam_type": "vit_b",
  "no_sam": {
    "use_sam": false,
    "map50": 0.9798430438054638,
    "map50_95": 0.8135511946427632,
    "per_class_ap50": {
      "open": 0.9922480620147319,
      "short": 0.9746956746946749,
      "mousebite": 0.9557199522609656,
      "spur": 0.9864633126244862,
      "copper": 0.9805349324186061,
      "pinhole": 0.9893963288193185
    },
    "per_class_ap50_95": {
      "open": 0.7417617403386978,
      "short": 0.7154949409158372,
      "mousebite": 0.769723809297371,
      "spur": 0.7861672972272447,
      "copper": 0.9386483314558556,
      "pinhole": 0.9295110486215732
    },
    "fps": 46.8093127486983,
    "num_images": 200,
    "total_time": 4.272654056549072,
    "sam_time": 0
  },
  "with_sam": {
    "use_sam": true,
    "map50": 0.9798430438054638,
    "map50_95": 0.8135511946427632,
    "per_class_ap50": {
      "open": 0.9922480620147319,
      "short": 0.9746956746946749,
      "mousebite": 0.9557199522609656,
      "spur": 0.9864633126244862,
      "copper": 0.9805349324186061,
      "pinhole": 0.9893963288193185
    },
    "per_class_ap50_95": {
      "open": 0.7417617403386978,
      "short": 0.7154949409158372,
      "mousebite": 0.769723809297371,
      "spur": 0.7861672972272447,
      "copper": 0.9386483314558556,
      "pinhole": 0.9295110486215732
    },
    "fps": 44.43496152957063,
    "num_images": 200,
    "total_time": 4.500960350036621,
    "sam_time": 2013.5938997268677
  },
  "delta_map50": 0.0,
  "delta_map50_95": 0.0
}